alias fanyan 樊燕 <fanyan@picb.ac.cn>
alias linkao 林拷 <linkao@picb.ac.cn>
alias axel.mosig Axel Mosig <axel.mosig@bph.rub.de>
alias sqli 李淑琴 <sqli@sibs.ac.cn>
alias yjj jinjin yang <jinjinyang2009@gmail.com>
alias lujian lu jian <lujian@picb.ac.cn>
alias pengh \"Peng, Hanchuan, Ph.D.\" <pengh@janelia.hhmi.org>
alias zhouj \"Zhou, Jianlong\" <zhouj@janelia.hhmi.org>
alias yuy \"Yu, Yang\" <yuy@janelia.hhmi.org>
alias hang xiao hang <hang.xiao.hh@googlemail.com>
alias wangchen wangchen <wangchen@mail.siom.ac.cn>
alias menggf Guofeng Meng <menggf@gmail.com>
alias pengshouneng \"PENG shouneng, student\" <pengshouneng@picb.ac.cn>
alias xuhongyang Xu Hongyang <xuhongyang@picb.ac.cn>
alias mengxin Xin Meng <mengxin008@gmail.com>
alias melvinzhang Melvin Zhang <melvinzhang@gmail.com>
alias xiaoyi xiaoyi <xiaoyi@picb.ac.cn>
alias leonghw \"Leong Hon-Wai (NUS-SOC)\" <leonghw@comp.nus.edu.sg>
